{
  "results": [
    {
      "command": "cargo run --example auth",
      "mean": 0.31559273283,
      "stddev": 0.023004377008235655,
      "median": 0.30616804493000005,
      "user": 0.167249145,
      "system": 0.051482284999999996,
      "min": 0.29008917643000004,
      "max": 0.36704228743,
      "times": [
        0.30297596943000005,
        0.30889833443000003,
        0.36704228743,
        0.32725134843000003,
        0.32753328243,
        0.33099957443,
        0.30315448443000004,
        0.30343775543,
        0.29008917643000004,
        0.29454511543
      ]
    }
  ]
}
